code,name
0043B0,TIGER 머니마켓액티브
0117L0,KODEX 26-12 금융채(AA-이상)액티브
0061Z0,RISE 단기특수은행채액티브
0072R0,TIGER KRX금현물
0127P0,ACE 미국대형성장주액티브
0048J0,KODEX 미국머니마켓액티브
0007F0,KODEX 27-12 회사채(AA-이상)액티브
0023A0,SOL 미국양자컴퓨팅TOP10
0052D0,TIGER 코리아배당다우존스
0025N0,TIGER TDF2045
0053L0,TIGER 차이나휴머노이드로봇
0117V0,TIGER 코리아AI전력기기TOP3플러스
0051G0,SOL 미국원자력SMR
0060H0,TIGER 토탈월드스탁액티브
0047A0,TIGER 차이나테크TOP10
0016X0,SOL 중단기회사채(A-이상)액티브
0038A0,KODEX 미국휴머노이드로봇
0094K0,TIGER 28-04 회사채(A+이상)액티브
0040Y0,SOL 팔란티어커버드콜OTM채권혼합
0091P0,TIGER 코리아원자력
0048K0,KODEX 차이나휴머노이드로봇
0001S0,TIGER 26-04 회사채(A+이상)액티브
0089D0,KODEX 금융고배당TOP10
0064K0,KODEX 금액티브
0105E0,SOL 코리아고배당
0046A0,TIGER 미국초단기(3개월이하)국채
0080G0,KODEX K방산TOP10
0118Z0,ACE 미국AI테크핵심산업액티브
0043Y0,TIMEFOLIO 차이나AI테크액티브
0127M0,ACE 미국대형가치주액티브
0026S0,1Q 미국S&P500
0080Y0,SOL 조선TOP3플러스레버리지
0092C0,SOL 27-12 회사채(AA-이상)액티브
0123G0,TIGER 미국AI전력SMR
0052S0,1Q 미국S&P500미국채혼합50액티브
0091C0,KODEX 미국10년국채액티브(H)
0008S0,TIGER 미국배당다우존스타겟데일리커버드콜
0119H0,KODEX 28-12 회사채(AA-이상)액티브
0019K0,TIMEFOLIO 미국나스닥100채권혼합50액티브
0122W0,RISE 26-11 회사채(AA-이상)액티브
0102A0,TIGER 미국AI소프트웨어TOP4Plus
0099L0,ACE 우량회사채(AA-이상)액티브
0115E0,KODEX 코리아소버린AI
0000Y0,HK 26-12 회사채(AA-이상)액티브
0074K0,KoAct K수출핵심기업TOP30액티브
0000J0,PLUS 한화그룹주
0098F0,KODEX K원자력SMR
0111P0,1Q 미국나스닥100미국채혼합50액티브
0005A0,KODEX 미국S&P500데일리커버드콜OTM
0052T0,1Q 중단기회사채(A-이상)액티브
0040X0,SOL 팔란티어미국채커버드콜혼합
0086B0,TIGER 리츠부동산인프라TOP10액티브
0089C0,KODEX 미국S&P500변동성확대시커버드콜
0091M0,HANARO 27-06 회사채(AA-이상)액티브
0098N0,PLUS 자사주매입고배당주
0139F0,TIGER 12월자동연장금융채(AA-이상)액티브
0008T0,SOL 화장품TOP3플러스
0093A0,RISE AI반도체TOP10
0115D0,KODEX K조선TOP10
0036R0,RISE 미국휴머노이드로봇
0066W0,SOL 국제금
0041D0,KODEX 미국AI소프트웨어TOP10
0026E0,KODEX 미국S&P500버퍼3월액티브
0049M0,ACE 미국배당퀄리티+커버드콜액티브
0132H0,KODEX 미국원자력SMR
0069M0,1Q 미국나스닥100
0082V0,KODEX TDF2060액티브
0067V0,TIGER 차이나글로벌리더스TOP3+
0118S0,SOL 미국넥스트테크TOP10액티브
0018C0,PLUS 고배당주위클리고정커버드콜
0015B0,KoAct 미국나스닥성장기업액티브
0007G0,PLUS 글로벌원자력밸류체인
0068M0,KODEX 미국S&P500버퍼6월액티브
0000D0,TIGER 엔비디아미국채커버드콜밸런스(합성)
0017Y0,1Q 종합채권(AA-이상)액티브
0113D0,TIMEFOLIO 글로벌탑픽액티브
0007N0,아이엠에셋 200
0092B0,SOL 한국원자력SMR
0083S0,1Q 미국메디컬AI
0101N0,RISE AI전력인프라
0113P0,HK 머니마켓액티브
0085P0,ACE 미국10년국채액티브
0022T0,SOL 국제금커버드콜액티브
0035T0,PLUS 글로벌휴머노이드로봇액티브
0065G0,KODEX 차이나테크TOP10
0020H0,KoAct 글로벌양자컴퓨팅액티브
0093D0,KoAct 팔란티어밸류체인액티브
0088N0,WON K-글로벌수급상위
0104N0,TIGER 200타겟위클리커버드콜
0005D0,SOL 전고체배터리&실리콘음극재
0046Y0,ACE 미국배당퀄리티
0100K0,KODEX K방산TOP10레버리지
0104H0,KoAct 미국나스닥채권혼합50액티브
0057H0,PLUS 미국S&P500미국채혼합50액티브
0047R0,RISE 팔란티어고정테크100
0080X0,SOL 미국S&P500미국채혼합50
0041E0,KODEX 미국S&P500액티브
0111J0,HANARO 증권고배당TOP3플러스
0103T0,1Q K소버린AI
0104P0,TIGER 코리아배당다우존스위클리커버드콜
0013R0,RISE 테슬라미국채타겟커버드콜혼합(합성)
0000Z0,RISE 바이오TOP10액티브
0021E0,ACE TDF2050액티브
0142D0,TIGER 미국AI데이터센터TOP4Plus
0131W0,1Q 단기특수은행채액티브
0107F0,KIWOOM 미국고배당&AI테크
0023B0,PLUS 미국양자컴퓨팅TOP10
0067Y0,TIGER 차이나AI소프트웨어
0040S0,HANARO 글로벌피지컬AI액티브
0097L0,KIWOOM 한국고배당&미국AI테크
0015F0,KIWOOM 팔란티어미국30년국채혼합액티브(H)
0094X0,1Q 샤오미밸류체인액티브
0089B0,PLUS 미국나스닥100미국채혼합50
0028X0,KODEX 미국금융테크액티브
0036D0,TIMEFOLIO 미국배당다우존스액티브
0005G0,ITF K-AI반도체코어테크
0051A0,KoAct 브로드컴밸류체인액티브
0105D0,SOL 한국AI소프트웨어
0000H0,KODEX 인도Nifty미드캡100
0098Z0,FOCUS 200
0085N0,ACE 미국10년국채액티브(H)
0010E0,ACE FTSE WGBI Korea
0047P0,RISE 테슬라고정테크100
0104G0,PLUS K방산레버리지
0018Z0,RISE 미국양자컴퓨팅
0049K0,ACE 미국배당퀄리티채권혼합50
0094M0,RISE 코리아밸류업위클리고정커버드콜
0112X0,마이티 200TR
0086C0,TIGER 리츠부동산인프라10채권혼합액티브
0087F0,ACE 차이나AI빅테크TOP2+액티브
0113G0,KoAct 미국바이오헬스케어액티브
0094L0,RISE 차이나테크TOP10위클리타겟커버드콜
0084E0,KIWOOM 미국대형주500월간목표헤지액티브
0093B0,RISE 엔비디아고정테크100
0047N0,PLUS 차이나AI테크TOP10
0021D0,ACE TDF2030액티브
0001P0,마이티 바이오시밀러&CDMO액티브
0008E0,ACE 미국중심중소형제조업
0013P0,RISE 미국은행TOP10
0021C0,ACE 장기자산배분액티브
0127V0,KIWOOM 미국S&P500 TOP10&배당다우비중전환
0115C0,RISE 미국고배당다우존스TOP10
0131V0,1Q 미국우주항공테크
0127R0,RISE 미국AI클라우드인프라
0002C0,에셋플러스 인도일등기업포커스20액티브
0090B0,PLUS K방산소부장
0036Z0,RISE 미국천연가스밸류체인
0102X0,ACE 유럽방산TOP10
0127T0,KIWOOM 미국S&P500&배당다우존스비중전환
0053M0,더제이 중소형포커스액티브
0082F0,HANARO 유럽방산
0084D0,KIWOOM 미국테크100월간목표헤지액티브
0079X0,ACE BYD밸류체인액티브
0131A0,SOL 차이나소비트렌드
0073X0,FOCUS 알리바바미국채커버드콜혼합
0078V0,PLUS 미국로보택시
0005C0,RISE 미국S&P500엔화노출(합성 H)
0132K0,PLUS 테슬라위클리커버드콜채권혼합
0120J0,BNK 카카오그룹포커스
0114X0,RISE 글로벌게임테크TOP3Plus
0015E0,KIWOOM 엔비디아미국30년국채혼합액티브(H)
0132D0,KoAct 글로벌K컬처밸류체인액티브
0015K0,TIGER 미국소비트렌드액티브
0137V0,KIWOOM 미국S&P500모멘텀
0137W0,KIWOOM 미국S&P500&GOLD
0128D0,PLUS 차이나항셍테크위클리타겟커버드콜
0004G0,1Q 미국배당TOP30
0050E0,PLUS 미국AI에이전트
